{"__meta":{"schema_version":3,"schema_name":"DRFModelV3","schema_type":"DRFModel"},"model_id":{"__meta":{"schema_version":3,"schema_name":"ModelKeyV3","schema_type":"Key<Model>"},"name":"DRF_1_AutoML_9_20250801_150953","type":"Key<Model>","URL":"/3/Models/DRF_1_AutoML_9_20250801_150953"},"algo":"drf","algo_full_name":"Distributed Random Forest","response_column_name":"Embarked","treatment_column_name":null,"data_frame":{"__meta":{"schema_version":3,"schema_name":"FrameKeyV3","schema_type":"Key<Frame>"},"name":"AutoML_9_20250801_150953_training_py_110_sid_950f","type":"Key<Frame>","URL":"/3/Frames/AutoML_9_20250801_150953_training_py_110_sid_950f"},"timestamp":1754041197607,"have_pojo":true,"have_mojo":true,"algo":"drf","algo_full_name":"Distributed Random Forest","model_id":{"__meta":{"schema_version":3,"schema_name":"ModelKeyV3","schema_type":"Key<Model>"},"name":"DRF_1_AutoML_9_20250801_150953","type":"Key<Model>","URL":"/3/Models/DRF_1_AutoML_9_20250801_150953"},"parameters":[{"__meta":{"schema_version":3,"schema_name":"ModelParameterSchemaV3","schema_type":"Iced"},"name":"model_id","label":"model_id","help":"Destination id for this model; auto-generated if not specified.","required":false,"type":"Key<Model>","default_value":null,"actual_value":{"__meta":{"schema_version":3,"schema_name":"ModelKeyV3","schema_type":"Key<Model>"},"name":"DRF_1_AutoML_9_20250801_150953","type":"Key<Model>","URL":"/3/Models/DRF_1_AutoML_9_20250801_150953"},"input_value":null,"level":"critical","values":[],"is_member_of_frames":[],"is_mutually_exclusive_with":[],"gridable":false},{"__meta":{"schema_version":3,"schema_name":"ModelParameterSchemaV3","schema_type":"Iced"},"name":"training_frame","label":"training_frame","help":"Id of the training data frame.","required":false,"type":"Key<Frame>","default_value":null,"actual_value":{"__meta":{"schema_version":3,"schema_name":"FrameKeyV3","schema_type":"Key<Frame>"},"name":"AutoML_9_20250801_150953_training_py_110_sid_950f","type":"Key<Frame>","URL":"/3/Frames/AutoML_9_20250801_150953_training_py_110_sid_950f"},"input_value":{"__meta":{"schema_version":3,"schema_name":"FrameKeyV3","schema_type":"Key<Frame>"},"name":"AutoML_9_20250801_150953_training_py_110_sid_950f","type":"Key<Frame>","URL":"/3/Frames/AutoML_9_20250801_150953_training_py_110_sid_950f"},"level":"critical","values":[],"is_member_of_frames":[],"is_mutually_exclusive_with":[],"gridable":false},{"__meta":{"schema_version":3,"schema_name":"ModelParameterSchemaV3","schema_type":"Iced"},"name":"validation_frame","label":"validation_frame","help":"Id of the validation data frame.","required":false,"type":"Key<Frame>","default_value":null,"actual_value":{"__meta":{"schema_version":3,"schema_name":"FrameKeyV3","schema_type":"Key<Frame>"},"name":"py_111_sid_950f","type":"Key<Frame>","URL":"/3/Frames/py_111_sid_950f"},"input_value":{"__meta":{"schema_version":3,"schema_name":"FrameKeyV3","schema_type":"Key<Frame>"},"name":"py_111_sid_950f","type":"Key<Frame>","URL":"/3/Frames/py_111_sid_950f"},"level":"critical","values":[],"is_member_of_frames":[],"is_mutually_exclusive_with":[],"gridable":true},{"__meta":{"schema_version":3,"schema_name":"ModelParameterSchemaV3","schema_type":"Iced"},"name":"nfolds","label":"nfolds","help":"Number of folds for K-fold cross-validation (0 to disable or >= 2).","required":false,"type":"int","default_value":0,"actual_value":5,"input_value":5,"level":"critical","values":[],"is_member_of_frames":[],"is_mutually_exclusive_with":[],"gridable":false},{"__meta":{"schema_version":3,"schema_name":"ModelParameterSchemaV3","schema_type":"Iced"},"name":"keep_cross_validation_models","label":"keep_cross_validation_models","help":"Whether to keep the cross-validation models.","required":false,"type":"boolean","default_value":true,"actual_value":false,"input_value":false,"level":"expert","values":[],"is_member_of_frames":[],"is_mutually_exclusive_with":[],"gridable":false},{"__meta":{"schema_version":3,"schema_name":"ModelParameterSchemaV3","schema_type":"Iced"},"name":"keep_cross_validation_predictions","label":"keep_cross_validation_predictions","help":"Whether to keep the predictions of the cross-validation models.","required":false,"type":"boolean","default_value":false,"actual_value":true,"input_value":true,"level":"expert","values":[],"is_member_of_frames":[],"is_mutually_exclusive_with":[],"gridable":false},{"__meta":{"schema_version":3,"schema_name":"ModelParameterSchemaV3","schema_type":"Iced"},"name":"keep_cross_validation_fold_assignment","label":"keep_cross_validation_fold_assignment","help":"Whether to keep the cross-validation fold assignment.","required":false,"type":"boolean","default_value":false,"actual_value":false,"input_value":false,"level":"expert","values":[],"is_member_of_frames":[],"is_mutually_exclusive_with":[],"gridable":false},{"__meta":{"schema_version":3,"schema_name":"ModelParameterSchemaV3","schema_type":"Iced"},"name":"score_each_iteration","label":"score_each_iteration","help":"Whether to score during each iteration of model training.","required":false,"type":"boolean","default_value":false,"actual_value":false,"input_value":false,"level":"secondary","values":[],"is_member_of_frames":[],"is_mutually_exclusive_with":[],"gridable":false},{"__meta":{"schema_version":3,"schema_name":"ModelParameterSchemaV3","schema_type":"Iced"},"name":"score_tree_interval","label":"score_tree_interval","help":"Score the model after every so many trees. Disabled if set to 0.","required":false,"type":"int","default_value":0,"actual_value":5,"input_value":5,"level":"secondary","values":[],"is_member_of_frames":[],"is_mutually_exclusive_with":[],"gridable":false},{"__meta":{"schema_version":3,"schema_name":"ModelParameterSchemaV3","schema_type":"Iced"},"name":"fold_assignment","label":"fold_assignment","help":"Cross-validation fold assignment scheme, if fold_column is not specified. The 'Stratified' option will stratify the folds based on the response variable, for classification problems.","required":false,"type":"enum","default_value":"AUTO","actual_value":"Modulo","input_value":"Modulo","level":"secondary","values":["AUTO","Random","Modulo","Stratified"],"is_member_of_frames":[],"is_mutually_exclusive_with":[],"gridable":true},{"__meta":{"schema_version":3,"schema_name":"ModelParameterSchemaV3","schema_type":"Iced"},"name":"fold_column","label":"fold_column","help":"Column with cross-validation fold index assignment per observation.","required":false,"type":"VecSpecifier","default_value":null,"actual_value":null,"input_value":null,"level":"secondary","values":[],"is_member_of_frames":["training_frame"],"is_mutually_exclusive_with":["response_column","weights_column","ignored_columns","offset_column"],"gridable":true},{"__meta":{"schema_version":3,"schema_name":"ModelParameterSchemaV3","schema_type":"Iced"},"name":"response_column","label":"response_column","help":"Response variable column.","required":false,"type":"VecSpecifier","default_value":null,"actual_value":{"__meta":{"schema_version":3,"schema_name":"ColSpecifierV3","schema_type":"VecSpecifier"},"column_name":"Embarked","is_member_of_frames":null},"input_value":{"__meta":{"schema_version":3,"schema_name":"ColSpecifierV3","schema_type":"VecSpecifier"},"column_name":"Embarked","is_member_of_frames":null},"level":"critical","values":[],"is_member_of_frames":["training_frame","validation_frame"],"is_mutually_exclusive_with":["weights_column","ignored_columns","offset_column","fold_column"],"gridable":true},{"__meta":{"schema_version":3,"schema_name":"ModelParameterSchemaV3","schema_type":"Iced"},"name":"ignored_columns","label":"ignored_columns","help":"Names of columns to ignore for training.","required":false,"type":"string[]","default_value":null,"actual_value":[],"input_value":[],"level":"critical","values":[],"is_member_of_frames":["training_frame","validation_frame"],"is_mutually_exclusive_with":["response_column","weights_column","offset_column","fold_column"],"gridable":false},{"__meta":{"schema_version":3,"schema_name":"ModelParameterSchemaV3","schema_type":"Iced"},"name":"ignore_const_cols","label":"ignore_const_cols","help":"Ignore constant columns.","required":false,"type":"boolean","default_value":true,"actual_value":true,"input_value":true,"level":"critical","values":[],"is_member_of_frames":[],"is_mutually_exclusive_with":[],"gridable":false},{"__meta":{"schema_version":3,"schema_name":"ModelParameterSchemaV3","schema_type":"Iced"},"name":"offset_column","label":"offset_column","help":"Offset column. This will be added to the combination of columns before applying the link function.","required":false,"type":"VecSpecifier","default_value":null,"actual_value":null,"input_value":null,"level":"secondary","values":[],"is_member_of_frames":["training_frame","validation_frame"],"is_mutually_exclusive_with":["response_column","weights_column","ignored_columns","fold_column"],"gridable":true},{"__meta":{"schema_version":3,"schema_name":"ModelParameterSchemaV3","schema_type":"Iced"},"name":"weights_column","label":"weights_column","help":"Column with observation weights. Giving some observation a weight of zero is equivalent to excluding it from the dataset; giving an observation a relative weight of 2 is equivalent to repeating that row twice. Negative weights are not allowed. Note: Weights are per-row observation weights and do not increase the size of the data frame. This is typically the number of times a row is repeated, but non-integer values are supported as well. During training, rows with higher weights matter more, due to the larger loss function pre-factor. If you set weight = 0 for a row, the returned prediction frame at that row is zero and this is incorrect. To get an accurate prediction, remove all rows with weight == 0.","required":false,"type":"VecSpecifier","default_value":null,"actual_value":null,"input_value":null,"level":"secondary","values":[],"is_member_of_frames":["training_frame","validation_frame"],"is_mutually_exclusive_with":["response_column","ignored_columns","offset_column","fold_column"],"gridable":true},{"__meta":{"schema_version":3,"schema_name":"ModelParameterSchemaV3","schema_type":"Iced"},"name":"balance_classes","label":"balance_classes","help":"Balance training data class counts via over/under-sampling (for imbalanced data).","required":false,"type":"boolean","default_value":false,"actual_value":false,"input_value":false,"level":"secondary","values":[],"is_member_of_frames":[],"is_mutually_exclusive_with":[],"gridable":true},{"__meta":{"schema_version":3,"schema_name":"ModelParameterSchemaV3","schema_type":"Iced"},"name":"class_sampling_factors","label":"class_sampling_factors","help":"Desired over/under-sampling ratios per class (in lexicographic order). If not specified, sampling factors will be automatically computed to obtain class balance during training. Requires balance_classes.","required":false,"type":"float[]","default_value":null,"actual_value":null,"input_value":null,"level":"expert","values":[],"is_member_of_frames":[],"is_mutually_exclusive_with":[],"gridable":true},{"__meta":{"schema_version":3,"schema_name":"ModelParameterSchemaV3","schema_type":"Iced"},"name":"max_after_balance_size","label":"max_after_balance_size","help":"Maximum relative size of the training data after balancing class counts (can be less than 1.0). Requires balance_classes.","required":false,"type":"float","default_value":5.0,"actual_value":5.0,"input_value":5.0,"level":"expert","values":[],"is_member_of_frames":[],"is_mutually_exclusive_with":[],"gridable":true},{"__meta":{"schema_version":3,"schema_name":"ModelParameterSchemaV3","schema_type":"Iced"},"name":"max_confusion_matrix_size","label":"max_confusion_matrix_size","help":"[Deprecated] Maximum size (# classes) for confusion matrices to be printed in the Logs","required":false,"type":"int","default_value":20,"actual_value":20,"input_value":20,"level":"secondary","values":[],"is_member_of_frames":[],"is_mutually_exclusive_with":[],"gridable":false},{"__meta":{"schema_version":3,"schema_name":"ModelParameterSchemaV3","schema_type":"Iced"},"name":"ntrees","label":"ntrees","help":"Number of trees.","required":false,"type":"int","default_value":50,"actual_value":50,"input_value":50,"level":"critical","values":[],"is_member_of_frames":[],"is_mutually_exclusive_with":[],"gridable":true},{"__meta":{"schema_version":3,"schema_name":"ModelParameterSchemaV3","schema_type":"Iced"},"name":"max_depth","label":"max_depth","help":"Maximum tree depth (0 for unlimited).","required":false,"type":"int","default_value":20,"actual_value":20,"input_value":20,"level":"critical","values":[],"is_member_of_frames":[],"is_mutually_exclusive_with":[],"gridable":true},{"__meta":{"schema_version":3,"schema_name":"ModelParameterSchemaV3","schema_type":"Iced"},"name":"min_rows","label":"min_rows","help":"Fewest allowed (weighted) observations in a leaf.","required":false,"type":"double","default_value":1.0,"actual_value":1.0,"input_value":1.0,"level":"critical","values":[],"is_member_of_frames":[],"is_mutually_exclusive_with":[],"gridable":true},{"__meta":{"schema_version":3,"schema_name":"ModelParameterSchemaV3","schema_type":"Iced"},"name":"nbins","label":"nbins","help":"For numerical columns (real/int), build a histogram of (at least) this many bins, then split at the best point","required":false,"type":"int","default_value":20,"actual_value":20,"input_value":20,"level":"critical","values":[],"is_member_of_frames":[],"is_mutually_exclusive_with":[],"gridable":true},{"__meta":{"schema_version":3,"schema_name":"ModelParameterSchemaV3","schema_type":"Iced"},"name":"nbins_top_level","label":"nbins_top_level","help":"For numerical columns (real/int), build a histogram of (at most) this many bins at the root level, then decrease by factor of two per level","required":false,"type":"int","default_value":1024,"actual_value":1024,"input_value":1024,"level":"secondary","values":[],"is_member_of_frames":[],"is_mutually_exclusive_with":[],"gridable":true},{"__meta":{"schema_version":3,"schema_name":"ModelParameterSchemaV3","schema_type":"Iced"},"name":"nbins_cats","label":"nbins_cats","help":"For categorical columns (factors), build a histogram of this many bins, then split at the best point. Higher values can lead to more overfitting.","required":false,"type":"int","default_value":1024,"actual_value":1024,"input_value":1024,"level":"secondary","values":[],"is_member_of_frames":[],"is_mutually_exclusive_with":[],"gridable":true},{"__meta":{"schema_version":3,"schema_name":"ModelParameterSchemaV3","schema_type":"Iced"},"name":"r2_stopping","label":"r2_stopping","help":"r2_stopping is no longer supported and will be ignored if set - please use stopping_rounds, stopping_metric and stopping_tolerance instead. Previous version of H2O would stop making trees when the R^2 metric equals or exceeds this","required":false,"type":"double","default_value":1.7976931348623157E308,"actual_value":1.7976931348623157E308,"input_value":1.7976931348623157E308,"level":"secondary","values":[],"is_member_of_frames":[],"is_mutually_exclusive_with":[],"gridable":true},{"__meta":{"schema_version":3,"schema_name":"ModelParameterSchemaV3","schema_type":"Iced"},"name":"stopping_rounds","label":"stopping_rounds","help":"Early stopping based on convergence of stopping_metric. Stop if simple moving average of length k of the stopping_metric does not improve for k:=stopping_rounds scoring events (0 to disable)","required":false,"type":"int","default_value":0,"actual_value":0,"input_value":3,"level":"secondary","values":[],"is_member_of_frames":[],"is_mutually_exclusive_with":[],"gridable":true},{"__meta":{"schema_version":3,"schema_name":"ModelParameterSchemaV3","schema_type":"Iced"},"name":"stopping_metric","label":"stopping_metric","help":"Metric to use for early stopping (AUTO: logloss for classification, deviance for regression and anomaly_score for Isolation Forest). Note that custom and custom_increasing can only be used in GBM and DRF with the Python client.","required":false,"type":"enum","default_value":"AUTO","actual_value":"logloss","input_value":"logloss","level":"secondary","values":["AUTO","deviance","logloss","MSE","RMSE","MAE","RMSLE","AUC","AUCPR","lift_top_group","misclassification","mean_per_class_error","anomaly_score","AUUC","ATE","ATT","ATC","qini","custom","custom_increasing"],"is_member_of_frames":[],"is_mutually_exclusive_with":[],"gridable":true},{"__meta":{"schema_version":3,"schema_name":"ModelParameterSchemaV3","schema_type":"Iced"},"name":"stopping_tolerance","label":"stopping_tolerance","help":"Relative tolerance for metric-based stopping criterion (stop if relative improvement is not at least this much)","required":false,"type":"double","default_value":0.001,"actual_value":0.001,"input_value":0.001,"level":"secondary","values":[],"is_member_of_frames":[],"is_mutually_exclusive_with":[],"gridable":true},{"__meta":{"schema_version":3,"schema_name":"ModelParameterSchemaV3","schema_type":"Iced"},"name":"max_runtime_secs","label":"max_runtime_secs","help":"Maximum allowed runtime in seconds for model training. Use 0 to disable.","required":false,"type":"double","default_value":0.0,"actual_value":0.0,"input_value":0.0,"level":"secondary","values":[],"is_member_of_frames":[],"is_mutually_exclusive_with":[],"gridable":true},{"__meta":{"schema_version":3,"schema_name":"ModelParameterSchemaV3","schema_type":"Iced"},"name":"seed","label":"seed","help":"Seed for pseudo random number generator (if applicable)","required":false,"type":"long","default_value":-1,"actual_value":43,"input_value":43,"level":"critical","values":[],"is_member_of_frames":[],"is_mutually_exclusive_with":[],"gridable":true},{"__meta":{"schema_version":3,"schema_name":"ModelParameterSchemaV3","schema_type":"Iced"},"name":"build_tree_one_node","label":"build_tree_one_node","help":"Run on one node only; no network overhead but fewer cpus used. Suitable for small datasets.","required":false,"type":"boolean","default_value":false,"actual_value":false,"input_value":false,"level":"expert","values":[],"is_member_of_frames":[],"is_mutually_exclusive_with":[],"gridable":false},{"__meta":{"schema_version":3,"schema_name":"ModelParameterSchemaV3","schema_type":"Iced"},"name":"mtries","label":"mtries","help":"Number of variables randomly sampled as candidates at each split. If set to -1, defaults to sqrt{p} for classification and p/3 for regression (where p is the # of predictors","required":false,"type":"int","default_value":-1,"actual_value":-1,"input_value":-1,"level":"critical","values":[],"is_member_of_frames":[],"is_mutually_exclusive_with":[],"gridable":true},{"__meta":{"schema_version":3,"schema_name":"ModelParameterSchemaV3","schema_type":"Iced"},"name":"sample_rate","label":"sample_rate","help":"Row sample rate per tree (from 0.0 to 1.0)","required":false,"type":"double","default_value":0.632,"actual_value":0.632,"input_value":0.632,"level":"critical","values":[],"is_member_of_frames":[],"is_mutually_exclusive_with":[],"gridable":true},{"__meta":{"schema_version":3,"schema_name":"ModelParameterSchemaV3","schema_type":"Iced"},"name":"sample_rate_per_class","label":"sample_rate_per_class","help":"A list of row sample rates per class (relative fraction for each class, from 0.0 to 1.0), for each tree","required":false,"type":"double[]","default_value":null,"actual_value":null,"input_value":null,"level":"expert","values":[],"is_member_of_frames":[],"is_mutually_exclusive_with":[],"gridable":true},{"__meta":{"schema_version":3,"schema_name":"ModelParameterSchemaV3","schema_type":"Iced"},"name":"binomial_double_trees","label":"binomial_double_trees","help":"For binary classification: Build 2x as many trees (one per class) - can lead to higher accuracy.","required":false,"type":"boolean","default_value":false,"actual_value":false,"input_value":false,"level":"expert","values":[],"is_member_of_frames":[],"is_mutually_exclusive_with":[],"gridable":false},{"__meta":{"schema_version":3,"schema_name":"ModelParameterSchemaV3","schema_type":"Iced"},"name":"checkpoint","label":"checkpoint","help":"Model checkpoint to resume training with.","required":false,"type":"Key<Model>","default_value":null,"actual_value":null,"input_value":null,"level":"secondary","values":[],"is_member_of_frames":[],"is_mutually_exclusive_with":[],"gridable":false},{"__meta":{"schema_version":3,"schema_name":"ModelParameterSchemaV3","schema_type":"Iced"},"name":"col_sample_rate_change_per_level","label":"col_sample_rate_change_per_level","help":"Relative change of the column sampling rate for every level (must be > 0.0 and <= 2.0)","required":false,"type":"double","default_value":1.0,"actual_value":1.0,"input_value":1.0,"level":"expert","values":[],"is_member_of_frames":[],"is_mutually_exclusive_with":[],"gridable":true},{"__meta":{"schema_version":3,"schema_name":"ModelParameterSchemaV3","schema_type":"Iced"},"name":"col_sample_rate_per_tree","label":"col_sample_rate_per_tree","help":"Column sample rate per tree (from 0.0 to 1.0)","required":false,"type":"double","default_value":1.0,"actual_value":1.0,"input_value":1.0,"level":"secondary","values":[],"is_member_of_frames":[],"is_mutually_exclusive_with":[],"gridable":true},{"__meta":{"schema_version":3,"schema_name":"ModelParameterSchemaV3","schema_type":"Iced"},"name":"min_split_improvement","label":"min_split_improvement","help":"Minimum relative improvement in squared error reduction for a split to happen","required":false,"type":"double","default_value":1.0E-5,"actual_value":1.0E-5,"input_value":1.0E-5,"level":"secondary","values":[],"is_member_of_frames":[],"is_mutually_exclusive_with":[],"gridable":true},{"__meta":{"schema_version":3,"schema_name":"ModelParameterSchemaV3","schema_type":"Iced"},"name":"histogram_type","label":"histogram_type","help":"What type of histogram to use for finding optimal split points","required":false,"type":"enum","default_value":"AUTO","actual_value":"UniformAdaptive","input_value":"AUTO","level":"secondary","values":["AUTO","UniformAdaptive","Random","QuantilesGlobal","RoundRobin","UniformRobust"],"is_member_of_frames":[],"is_mutually_exclusive_with":[],"gridable":true},{"__meta":{"schema_version":3,"schema_name":"ModelParameterSchemaV3","schema_type":"Iced"},"name":"categorical_encoding","label":"categorical_encoding","help":"Encoding scheme for categorical features","required":false,"type":"enum","default_value":"AUTO","actual_value":"Enum","input_value":"AUTO","level":"secondary","values":["AUTO","Enum","OneHotInternal","OneHotExplicit","Binary","Eigen","LabelEncoder","SortByResponse","EnumLimited"],"is_member_of_frames":[],"is_mutually_exclusive_with":[],"gridable":true},{"__meta":{"schema_version":3,"schema_name":"ModelParameterSchemaV3","schema_type":"Iced"},"name":"calibrate_model","label":"calibrate_model","help":"Use Platt Scaling (default) or Isotonic Regression to calculate calibrated class probabilities. Calibration can provide more accurate estimates of class probabilities.","required":false,"type":"boolean","default_value":false,"actual_value":false,"input_value":false,"level":"expert","values":[],"is_member_of_frames":[],"is_mutually_exclusive_with":[],"gridable":false},{"__meta":{"schema_version":3,"schema_name":"ModelParameterSchemaV3","schema_type":"Iced"},"name":"calibration_frame","label":"calibration_frame","help":"Data for model calibration","required":false,"type":"Key<Frame>","default_value":null,"actual_value":null,"input_value":null,"level":"expert","values":[],"is_member_of_frames":[],"is_mutually_exclusive_with":[],"gridable":false},{"__meta":{"schema_version":3,"schema_name":"ModelParameterSchemaV3","schema_type":"Iced"},"name":"calibration_method","label":"calibration_method","help":"Calibration method to use","required":false,"type":"enum","default_value":"AUTO","actual_value":"PlattScaling","input_value":"AUTO","level":"expert","values":["AUTO","PlattScaling","IsotonicRegression"],"is_member_of_frames":[],"is_mutually_exclusive_with":[],"gridable":false},{"__meta":{"schema_version":3,"schema_name":"ModelParameterSchemaV3","schema_type":"Iced"},"name":"distribution","label":"distribution","help":"Distribution function","required":false,"type":"enum","default_value":"AUTO","actual_value":"multinomial","input_value":"multinomial","level":"secondary","values":["AUTO","bernoulli","quasibinomial","ordinal","multinomial","gaussian","poisson","gamma","tweedie","laplace","quantile","huber","custom"],"is_member_of_frames":[],"is_mutually_exclusive_with":[],"gridable":true},{"__meta":{"schema_version":3,"schema_name":"ModelParameterSchemaV3","schema_type":"Iced"},"name":"custom_metric_func","label":"custom_metric_func","help":"Reference to custom evaluation function, format: `language:keyName=funcName`","required":false,"type":"string","default_value":null,"actual_value":null,"input_value":null,"level":"secondary","values":[],"is_member_of_frames":[],"is_mutually_exclusive_with":[],"gridable":false},{"__meta":{"schema_version":3,"schema_name":"ModelParameterSchemaV3","schema_type":"Iced"},"name":"export_checkpoints_dir","label":"export_checkpoints_dir","help":"Automatically export generated models to this directory.","required":false,"type":"string","default_value":null,"actual_value":null,"input_value":null,"level":"secondary","values":[],"is_member_of_frames":[],"is_mutually_exclusive_with":[],"gridable":false},{"__meta":{"schema_version":3,"schema_name":"ModelParameterSchemaV3","schema_type":"Iced"},"name":"check_constant_response","label":"check_constant_response","help":"Check if response column is constant. If enabled, then an exception is thrown if the response column is a constant value.If disabled, then model will train regardless of the response column being a constant value or not.","required":false,"type":"boolean","default_value":true,"actual_value":true,"input_value":true,"level":"expert","values":[],"is_member_of_frames":[],"is_mutually_exclusive_with":[],"gridable":false},{"__meta":{"schema_version":3,"schema_name":"ModelParameterSchemaV3","schema_type":"Iced"},"name":"gainslift_bins","label":"gainslift_bins","help":"Gains/Lift table number of bins. 0 means disabled.. Default value -1 means automatic binning.","required":false,"type":"int","default_value":-1,"actual_value":-1,"input_value":-1,"level":"secondary","values":[],"is_member_of_frames":[],"is_mutually_exclusive_with":[],"gridable":false},{"__meta":{"schema_version":3,"schema_name":"ModelParameterSchemaV3","schema_type":"Iced"},"name":"auc_type","label":"auc_type","help":"Set default multinomial AUC type.","required":false,"type":"enum","default_value":"AUTO","actual_value":"AUTO","input_value":"AUTO","level":"secondary","values":["AUTO","NONE","MACRO_OVR","WEIGHTED_OVR","MACRO_OVO","WEIGHTED_OVO"],"is_member_of_frames":[],"is_mutually_exclusive_with":[],"gridable":true}],"output":{"__meta":{"schema_version":3,"schema_name":"DRFModelOutputV3","schema_type":"DRFOutput"},"names":["PassengerId","Survived","Pclass","Sex","Age","SibSp","Parch","Ticket","Fare","Cabin","Embarked"],"original_names":null,"column_types":["Numeric","Numeric","Numeric","Enum","Numeric","Numeric","Numeric","Numeric","Numeric","Enum","Enum"],"domains":[null,null,null,["female","male"],null,null,null,null,null,["A10","A14","A16","A19","A20","A23","A24","A26","A31","A32","A34","A36","A5","A6","A7","B101","B102","B18","B19","B20","B22","B28","B3","B30","B35","B37","B38","B39","B4","B41","B42","B49","B5","B50","B51 B53 B55","B57 B59 B63 B66","B58 B60","B69","B71","B73","B77","B78","B79","B80","B82 B84","B86","B94","B96 B98","C101","C103","C104","C106","C110","C111","C118","C123","C124","C125","C126","C128","C148","C2","C22 C26","C23 C25 C27","C30","C32","C45","C46","C47","C49","C50","C52","C54","C62 C64","C65","C68","C7","C70","C78","C82","C83","C85","C86","C87","C90","C91","C92","C93","C95","C99","D","D10 D12","D11","D15","D17","D19","D20","D21","D26","D28","D30","D33","D35","D36","D37","D45","D46","D47","D48","D49","D50","D56","D6","D7","D9","E10","E101","E12","E121","E17","E24","E25","E31","E33","E34","E36","E38","E40","E44","E46","E49","E50","E58","E63","E67","E68","E77","E8","F E69","F G63","F G73","F2","F33","F38","F4","G6","T"],["C","Q","S"]],"cross_validation_models":null,"cross_validation_predictions":[{"__meta":{"schema_version":3,"schema_name":"FrameKeyV3","schema_type":"Key<Frame>"},"name":"prediction_DRF_1_AutoML_9_20250801_150953_cv_1","type":"Key<Frame>","URL":"/3/Frames/prediction_DRF_1_AutoML_9_20250801_150953_cv_1"},{"__meta":{"schema_version":3,"schema_name":"FrameKeyV3","schema_type":"Key<Frame>"},"name":"prediction_DRF_1_AutoML_9_20250801_150953_cv_2","type":"Key<Frame>","URL":"/3/Frames/prediction_DRF_1_AutoML_9_20250801_150953_cv_2"},{"__meta":{"schema_version":3,"schema_name":"FrameKeyV3","schema_type":"Key<Frame>"},"name":"prediction_DRF_1_AutoML_9_20250801_150953_cv_3","type":"Key<Frame>","URL":"/3/Frames/prediction_DRF_1_AutoML_9_20250801_150953_cv_3"},{"__meta":{"schema_version":3,"schema_name":"FrameKeyV3","schema_type":"Key<Frame>"},"name":"prediction_DRF_1_AutoML_9_20250801_150953_cv_4","type":"Key<Frame>","URL":"/3/Frames/prediction_DRF_1_AutoML_9_20250801_150953_cv_4"},{"__meta":{"schema_version":3,"schema_name":"FrameKeyV3","schema_type":"Key<Frame>"},"name":"prediction_DRF_1_AutoML_9_20250801_150953_cv_5","type":"Key<Frame>","URL":"/3/Frames/prediction_DRF_1_AutoML_9_20250801_150953_cv_5"}],"cross_validation_holdout_predictions_frame_id":{"__meta":{"schema_version":3,"schema_name":"FrameKeyV3","schema_type":"Key<Frame>"},"name":"cv_holdout_prediction_DRF_1_AutoML_9_20250801_150953","type":"Key<Frame>","URL":"/3/Frames/cv_holdout_prediction_DRF_1_AutoML_9_20250801_150953"},"cross_validation_fold_assignment_frame_id":null,"model_category":"Multinomial","model_summary":{"__meta":{"schema_version":3,"schema_name":"TwoDimTableV3","schema_type":"TwoDimTable"},"name":"Model Summary","description":"","columns":[{"__meta":{"schema_version":-1,"schema_name":"ColumnSpecsBase","schema_type":"Iced"},"name":"","type":"string","format":"%s","description":""},{"__meta":{"schema_version":-1,"schema_name":"ColumnSpecsBase","schema_type":"Iced"},"name":"number_of_trees","type":"long","format":"%d","description":"Number of Trees"},{"__meta":{"schema_version":-1,"schema_name":"ColumnSpecsBase","schema_type":"Iced"},"name":"number_of_internal_trees","type":"long","format":"%d","description":"Number of Internal Trees"},{"__meta":{"schema_version":-1,"schema_name":"ColumnSpecsBase","schema_type":"Iced"},"name":"model_size_in_bytes","type":"long","format":"%d","description":"Model Size in Bytes"},{"__meta":{"schema_version":-1,"schema_name":"ColumnSpecsBase","schema_type":"Iced"},"name":"min_depth","type":"long","format":"%d","description":"Min. Depth"},{"__meta":{"schema_version":-1,"schema_name":"ColumnSpecsBase","schema_type":"Iced"},"name":"max_depth","type":"long","format":"%d","description":"Max. Depth"},{"__meta":{"schema_version":-1,"schema_name":"ColumnSpecsBase","schema_type":"Iced"},"name":"mean_depth","type":"double","format":"%.5f","description":"Mean Depth"},{"__meta":{"schema_version":-1,"schema_name":"ColumnSpecsBase","schema_type":"Iced"},"name":"min_leaves","type":"long","format":"%d","description":"Min. Leaves"},{"__meta":{"schema_version":-1,"schema_name":"ColumnSpecsBase","schema_type":"Iced"},"name":"max_leaves","type":"long","format":"%d","description":"Max. Leaves"},{"__meta":{"schema_version":-1,"schema_name":"ColumnSpecsBase","schema_type":"Iced"},"name":"mean_leaves","type":"double","format":"%.5f","description":"Mean Leaves"}],"rowcount":1,"data":[[""],[50],[150],[117638],[4],[20],[13.146667],[5],[102],[54.866665]]},"scoring_history":{"__meta":{"schema_version":3,"schema_name":"TwoDimTableV3","schema_type":"TwoDimTable"},"name":"Scoring History","description":"","columns":[{"__meta":{"schema_version":-1,"schema_name":"ColumnSpecsBase","schema_type":"Iced"},"name":"","type":"string","format":"%s","description":""},{"__meta":{"schema_version":-1,"schema_name":"ColumnSpecsBase","schema_type":"Iced"},"name":"timestamp","type":"string","format":"%s","description":"Timestamp"},{"__meta":{"schema_version":-1,"schema_name":"ColumnSpecsBase","schema_type":"Iced"},"name":"duration","type":"string","format":"%s","description":"Duration"},{"__meta":{"schema_version":-1,"schema_name":"ColumnSpecsBase","schema_type":"Iced"},"name":"number_of_trees","type":"long","format":"%d","description":"Number of Trees"},{"__meta":{"schema_version":-1,"schema_name":"ColumnSpecsBase","schema_type":"Iced"},"name":"training_rmse","type":"double","format":"%.5f","description":"Training RMSE"},{"__meta":{"schema_version":-1,"schema_name":"ColumnSpecsBase","schema_type":"Iced"},"name":"training_logloss","type":"double","format":"%.5f","description":"Training LogLoss"},{"__meta":{"schema_version":-1,"schema_name":"ColumnSpecsBase","schema_type":"Iced"},"name":"training_classification_error","type":"double","format":"%.5f","description":"Training Classification Error"},{"__meta":{"schema_version":-1,"schema_name":"ColumnSpecsBase","schema_type":"Iced"},"name":"training_auc","type":"double","format":"%.5f","description":"Training AUC"},{"__meta":{"schema_version":-1,"schema_name":"ColumnSpecsBase","schema_type":"Iced"},"name":"training_pr_auc","type":"double","format":"%.5f","description":"Training pr_auc"},{"__meta":{"schema_version":-1,"schema_name":"ColumnSpecsBase","schema_type":"Iced"},"name":"validation_rmse","type":"double","format":"%.5f","description":"Validation RMSE"},{"__meta":{"schema_version":-1,"schema_name":"ColumnSpecsBase","schema_type":"Iced"},"name":"validation_logloss","type":"double","format":"%.5f","description":"Validation LogLoss"},{"__meta":{"schema_version":-1,"schema_name":"ColumnSpecsBase","schema_type":"Iced"},"name":"validation_classification_error","type":"double","format":"%.5f","description":"Validation Classification Error"},{"__meta":{"schema_version":-1,"schema_name":"ColumnSpecsBase","schema_type":"Iced"},"name":"validation_auc","type":"double","format":"%.5f","description":"Validation AUC"},{"__meta":{"schema_version":-1,"schema_name":"ColumnSpecsBase","schema_type":"Iced"},"name":"validation_pr_auc","type":"double","format":"%.5f","description":"Validation pr_auc"}],"rowcount":11,"data":[["","","","","","","","","","",""],["2025-08-01 15:09:55","2025-08-01 15:09:55","2025-08-01 15:09:56","2025-08-01 15:09:56","2025-08-01 15:09:56","2025-08-01 15:09:56","2025-08-01 15:09:56","2025-08-01 15:09:57","2025-08-01 15:09:57","2025-08-01 15:09:57","2025-08-01 15:09:57"],[" 1.901 sec"," 2.087 sec"," 2.239 sec"," 2.418 sec"," 2.582 sec"," 2.751 sec"," 2.940 sec"," 3.114 sec"," 3.235 sec"," 3.370 sec"," 3.504 sec"],[0,5,10,15,20,25,30,35,40,45,50],["NaN",0.3676480519817692,0.34125625937506865,0.3155280054321792,0.3093106667509011,0.30468896838014026,0.2985052140040727,0.29927858576088284,0.3003607586419874,0.2996275775826758,0.2990480738486193],["NaN",2.2801072294712785,1.321007718662834,0.8121610990848646,0.5370976807673515,0.5374173403467395,0.48305613948547566,0.44126611938851446,0.44517697575754395,0.4454295251420786,0.40217176622199474],["NaN",0.14832535885167464,0.14265129682997119,0.1278409090909091,0.12642045454545456,0.11505681818181818,0.11505681818181818,0.11505681818181818,0.11505681818181818,0.11647727272727272,0.11505681818181818],["NaN","NaN","NaN","NaN","NaN","NaN","NaN","NaN","NaN","NaN","NaN"],["NaN","NaN","NaN","NaN","NaN","NaN","NaN","NaN","NaN","NaN","NaN"],["NaN",0.3494906518409395,0.31557117449928246,0.30916283781363846,0.31004776934068523,0.31108194158792923,0.30476089494861136,0.3011048985546439,0.29817260254925604,0.29680820343367803,0.2935495653467236],["NaN",1.593322491487181,0.668393866095095,0.654329639647758,0.659965362087027,0.32402445247489,0.3116143793482566,0.3060179946966291,0.29954270353295176,0.296071511825546,0.2901741621966785],["NaN",0.14054054054054055,0.14054054054054055,0.11891891891891893,0.10270270270270271,0.11351351351351352,0.10810810810810811,0.10270270270270271,0.10810810810810811,0.0972972972972973,0.10270270270270271],["NaN","NaN","NaN","NaN","NaN","NaN","NaN","NaN","NaN","NaN","NaN"],["NaN","NaN","NaN","NaN","NaN","NaN","NaN","NaN","NaN","NaN","NaN"]]},"cv_scoring_history":[{"__meta":{"schema_version":3,"schema_name":"TwoDimTableV3","schema_type":"TwoDimTable"},"name":"Scoring History","description":"","columns":[{"__meta":{"schema_version":-1,"schema_name":"ColumnSpecsBase","schema_type":"Iced"},"name":"","type":"string","format":"%s","description":""},{"__meta":{"schema_version":-1,"schema_name":"ColumnSpecsBase","schema_type":"Iced"},"name":"timestamp","type":"string","format":"%s","description":"Timestamp"},{"__meta":{"schema_version":-1,"schema_name":"ColumnSpecsBase","schema_type":"Iced"},"name":"duration","type":"string","format":"%s","description":"Duration"},{"__meta":{"schema_version":-1,"schema_name":"ColumnSpecsBase","schema_type":"Iced"},"name":"number_of_trees","type":"long","format":"%d","description":"Number of Trees"},{"__meta":{"schema_version":-1,"schema_name":"ColumnSpecsBase","schema_type":"Iced"},"name":"training_rmse","type":"double","format":"%.5f","description":"Training RMSE"},{"__meta":{"schema_version":-1,"schema_name":"ColumnSpecsBase","schema_type":"Iced"},"name":"training_logloss","type":"double","format":"%.5f","description":"Training LogLoss"},{"__meta":{"schema_version":-1,"schema_name":"ColumnSpecsBase","schema_type":"Iced"},"name":"training_classification_error","type":"double","format":"%.5f","description":"Training Classification Error"},{"__meta":{"schema_version":-1,"schema_name":"ColumnSpecsBase","schema_type":"Iced"},"name":"training_auc","type":"double","format":"%.5f","description":"Training AUC"},{"__meta":{"schema_version":-1,"schema_name":"ColumnSpecsBase","schema_type":"Iced"},"name":"training_pr_auc","type":"double","format":"%.5f","description":"Training pr_auc"},{"__meta":{"schema_version":-1,"schema_name":"ColumnSpecsBase","schema_type":"Iced"},"name":"validation_rmse","type":"double","format":"%.5f","description":"Validation RMSE"},{"__meta":{"schema_version":-1,"schema_name":"ColumnSpecsBase","schema_type":"Iced"},"name":"validation_logloss","type":"double","format":"%.5f","description":"Validation LogLoss"},{"__meta":{"schema_version":-1,"schema_name":"ColumnSpecsBase","schema_type":"Iced"},"name":"validation_classification_error","type":"double","format":"%.5f","description":"Validation Classification Error"},{"__meta":{"schema_version":-1,"schema_name":"ColumnSpecsBase","schema_type":"Iced"},"name":"validation_auc","type":"double","format":"%.5f","description":"Validation AUC"},{"__meta":{"schema_version":-1,"schema_name":"ColumnSpecsBase","schema_type":"Iced"},"name":"validation_pr_auc","type":"double","format":"%.5f","description":"Validation pr_auc"}],"rowcount":11,"data":[["","","","","","","","","","",""],["2025-08-01 15:09:53","2025-08-01 15:09:54","2025-08-01 15:09:54","2025-08-01 15:09:54","2025-08-01 15:09:54","2025-08-01 15:09:54","2025-08-01 15:09:54","2025-08-01 15:09:54","2025-08-01 15:09:54","2025-08-01 15:09:55","2025-08-01 15:09:55"],[" 0.033 sec"," 0.198 sec"," 0.299 sec"," 0.408 sec"," 0.507 sec"," 0.648 sec"," 0.798 sec"," 0.930 sec"," 1.045 sec"," 1.146 sec"," 1.248 sec"],[0,5,10,15,20,25,30,35,40,45,50],["NaN",0.3940110763705122,0.3434546622542048,0.3159872265525304,0.3192023846990935,0.3137312775496042,0.30790906713510713,0.309859049011462,0.31058942882214136,0.31133065651866226,0.3125405914450754],["NaN",3.414465812021495,1.791862635034805,0.9905959128727243,0.7811944524046162,0.774888096498811,0.7156867860839409,0.7195923632841518,0.7226657024413748,0.6659384621706369,0.6663806175445783],["NaN",0.15384615384615385,0.14673913043478262,0.11743772241992882,0.11743772241992882,0.11209964412811388,0.11209964412811388,0.11565836298932385,0.11921708185053381,0.11387900355871886,0.11743772241992882],["NaN","NaN","NaN","NaN","NaN","NaN","NaN","NaN","NaN","NaN","NaN"],["NaN","NaN","NaN","NaN","NaN","NaN","NaN","NaN","NaN","NaN","NaN"],["NaN",0.3939014905365085,0.3643058379126203,0.35018979733637157,0.34604780487476167,0.348347788408446,0.34565930484360996,0.3430498015390095,0.3407608359714192,0.34073865468422504,0.3409581880961609],["NaN",1.8019635164981174,1.0698826975135187,0.6023667634755935,0.5975161319019844,0.6033084995887751,0.37680949737534675,0.3706468635580316,0.36770014341925644,0.36835077320156107,0.3683575125485097],["NaN",0.2323943661971831,0.176056338028169,0.1619718309859155,0.19014084507042253,0.176056338028169,0.176056338028169,0.176056338028169,0.176056338028169,0.18309859154929578,0.19014084507042253],["NaN","NaN","NaN","NaN","NaN","NaN","NaN","NaN","NaN","NaN","NaN"],["NaN","NaN","NaN","NaN","NaN","NaN","NaN","NaN","NaN","NaN","NaN"]]},{"__meta":{"schema_version":3,"schema_name":"TwoDimTableV3","schema_type":"TwoDimTable"},"name":"Scoring History","description":"","columns":[{"__meta":{"schema_version":-1,"schema_name":"ColumnSpecsBase","schema_type":"Iced"},"name":"","type":"string","format":"%s","description":""},{"__meta":{"schema_version":-1,"schema_name":"ColumnSpecsBase","schema_type":"Iced"},"name":"timestamp","type":"string","format":"%s","description":"Timestamp"},{"__meta":{"schema_version":-1,"schema_name":"ColumnSpecsBase","schema_type":"Iced"},"name":"duration","type":"string","format":"%s","description":"Duration"},{"__meta":{"schema_version":-1,"schema_name":"ColumnSpecsBase","schema_type":"Iced"},"name":"number_of_trees","type":"long","format":"%d","description":"Number of Trees"},{"__meta":{"schema_version":-1,"schema_name":"ColumnSpecsBase","schema_type":"Iced"},"name":"training_rmse","type":"double","format":"%.5f","description":"Training RMSE"},{"__meta":{"schema_version":-1,"schema_name":"ColumnSpecsBase","schema_type":"Iced"},"name":"training_logloss","type":"double","format":"%.5f","description":"Training LogLoss"},{"__meta":{"schema_version":-1,"schema_name":"ColumnSpecsBase","schema_type":"Iced"},"name":"training_classification_error","type":"double","format":"%.5f","description":"Training Classification Error"},{"__meta":{"schema_version":-1,"schema_name":"ColumnSpecsBase","schema_type":"Iced"},"name":"training_auc","type":"double","format":"%.5f","description":"Training AUC"},{"__meta":{"schema_version":-1,"schema_name":"ColumnSpecsBase","schema_type":"Iced"},"name":"training_pr_auc","type":"double","format":"%.5f","description":"Training pr_auc"},{"__meta":{"schema_version":-1,"schema_name":"ColumnSpecsBase","schema_type":"Iced"},"name":"validation_rmse","type":"double","format":"%.5f","description":"Validation RMSE"},{"__meta":{"schema_version":-1,"schema_name":"ColumnSpecsBase","schema_type":"Iced"},"name":"validation_logloss","type":"double","format":"%.5f","description":"Validation LogLoss"},{"__meta":{"schema_version":-1,"schema_name":"ColumnSpecsBase","schema_type":"Iced"},"name":"validation_classification_error","type":"double","format":"%.5f","description":"Validation Classification Error"},{"__meta":{"schema_version":-1,"schema_name":"ColumnSpecsBase","schema_type":"Iced"},"name":"validation_auc","type":"double","format":"%.5f","description":"Validation AUC"},{"__meta":{"schema_version":-1,"schema_name":"ColumnSpecsBase","schema_type":"Iced"},"name":"validation_pr_auc","type":"double","format":"%.5f","description":"Validation pr_auc"}],"rowcount":11,"data":[["","","","","","","","","","",""],["2025-08-01 15:09:53","2025-08-01 15:09:54","2025-08-01 15:09:54","2025-08-01 15:09:54","2025-08-01 15:09:54","2025-08-01 15:09:54","2025-08-01 15:09:54","2025-08-01 15:09:55","2025-08-01 15:09:55","2025-08-01 15:09:55","2025-08-01 15:09:55"],[" 0.034 sec"," 0.285 sec"," 0.439 sec"," 0.572 sec"," 0.730 sec"," 0.874 sec"," 1.052 sec"," 1.188 sec"," 1.394 sec"," 1.550 sec"," 1.642 sec"],[0,5,10,15,20,25,30,35,40,45,50],["NaN",0.4079724352172084,0.35670752615291296,0.3292253238177461,0.3197285297371435,0.31666623923479265,0.3120702372096325,0.3151177690935032,0.31438253617683204,0.31414756254555715,0.31627163323990753],["NaN",3.4124557463196776,1.420172100960641,0.9119136155520252,0.5626513023261673,0.5042573245129731,0.4944369199839609,0.5009145796525718,0.5018456451310308,0.5017147256944899,0.5007707073724524],["NaN",0.17635270541082165,0.14620938628158844,0.1349911190053286,0.13321492007104796,0.1172291296625222,0.1172291296625222,0.11545293072824156,0.11367673179396093,0.11545293072824156,0.12255772646536411],["NaN","NaN","NaN","NaN","NaN","NaN","NaN","NaN","NaN","NaN","NaN"],["NaN","NaN","NaN","NaN","NaN","NaN","NaN","NaN","NaN","NaN","NaN"],["NaN",0.38135027960311735,0.33582346167295163,0.3181322266914411,0.3137655739204764,0.3161909804945207,0.31382426169622246,0.3123389633874346,0.311093494711321,0.31113161507962606,0.3106508355924003],["NaN",1.1108204121167893,0.5880206876044473,0.5572112562308527,0.5537768635047442,0.5584389646237209,0.5545920056025582,0.554035947675196,0.33531847239798285,0.33663246559961557,0.3364846012384453],["NaN",0.1773049645390071,0.14893617021276595,0.1347517730496454,0.1347517730496454,0.1276595744680851,0.1276595744680851,0.1276595744680851,0.1347517730496454,0.1347517730496454,0.14184397163120568],["NaN","NaN","NaN","NaN","NaN","NaN","NaN","NaN","NaN","NaN","NaN"],["NaN","NaN","NaN","NaN","NaN","NaN","NaN","NaN","NaN","NaN","NaN"]]},{"__meta":{"schema_version":3,"schema_name":"TwoDimTableV3","schema_type":"TwoDimTable"},"name":"Scoring History","description":"","columns":[{"__meta":{"schema_version":-1,"schema_name":"ColumnSpecsBase","schema_type":"Iced"},"name":"","type":"string","format":"%s","description":""},{"__meta":{"schema_version":-1,"schema_name":"ColumnSpecsBase","schema_type":"Iced"},"name":"timestamp","type":"string","format":"%s","description":"Timestamp"},{"__meta":{"schema_version":-1,"schema_name":"ColumnSpecsBase","schema_type":"Iced"},"name":"duration","type":"string","format":"%s","description":"Duration"},{"__meta":{"schema_version":-1,"schema_name":"ColumnSpecsBase","schema_type":"Iced"},"name":"number_of_trees","type":"long","format":"%d","description":"Number of Trees"},{"__meta":{"schema_version":-1,"schema_name":"ColumnSpecsBase","schema_type":"Iced"},"name":"training_rmse","type":"double","format":"%.5f","description":"Training RMSE"},{"__meta":{"schema_version":-1,"schema_name":"ColumnSpecsBase","schema_type":"Iced"},"name":"training_logloss","type":"double","format":"%.5f","description":"Training LogLoss"},{"__meta":{"schema_version":-1,"schema_name":"ColumnSpecsBase","schema_type":"Iced"},"name":"training_classification_error","type":"double","format":"%.5f","description":"Training Classification Error"},{"__meta":{"schema_version":-1,"schema_name":"ColumnSpecsBase","schema_type":"Iced"},"name":"training_auc","type":"double","format":"%.5f","description":"Training AUC"},{"__meta":{"schema_version":-1,"schema_name":"ColumnSpecsBase","schema_type":"Iced"},"name":"training_pr_auc","type":"double","format":"%.5f","description":"Training pr_auc"},{"__meta":{"schema_version":-1,"schema_name":"ColumnSpecsBase","schema_type":"Iced"},"name":"validation_rmse","type":"double","format":"%.5f","description":"Validation RMSE"},{"__meta":{"schema_version":-1,"schema_name":"ColumnSpecsBase","schema_type":"Iced"},"name":"validation_logloss","type":"double","format":"%.5f","description":"Validation LogLoss"},{"__meta":{"schema_version":-1,"schema_name":"ColumnSpecsBase","schema_type":"Iced"},"name":"validation_classification_error","type":"double","format":"%.5f","description":"Validation Classification Error"},{"__meta":{"schema_version":-1,"schema_name":"ColumnSpecsBase","schema_type":"Iced"},"name":"validation_auc","type":"double","format":"%.5f","description":"Validation AUC"},{"__meta":{"schema_version":-1,"schema_name":"ColumnSpecsBase","schema_type":"Iced"},"name":"validation_pr_auc","type":"double","format":"%.5f","description":"Validation pr_auc"}],"rowcount":11,"data":[["","","","","","","","","","",""],["2025-08-01 15:09:53","2025-08-01 15:09:54","2025-08-01 15:09:54","2025-08-01 15:09:54","2025-08-01 15:09:54","2025-08-01 15:09:54","2025-08-01 15:09:54","2025-08-01 15:09:55","2025-08-01 15:09:55","2025-08-01 15:09:55","2025-08-01 15:09:55"],[" 0.041 sec"," 0.272 sec"," 0.412 sec"," 0.538 sec"," 0.702 sec"," 0.849 sec"," 1.025 sec"," 1.149 sec"," 1.272 sec"," 1.523 sec"," 1.627 sec"],[0,5,10,15,20,25,30,35,40,45,50],["NaN",0.36499290892292563,0.3591468192332653,0.31698134689032376,0.305726032432197,0.2986736635909838,0.29160005377345044,0.2949686919056906,0.29669032934227857,0.29671483050548303,0.2979135197881005],["NaN",3.010564587939478,2.0385696148872157,0.8789343334562918,0.6419303314221585,0.5199526363411575,0.457462238220657,0.4641637258849224,0.4675648779979184,0.4675393984031317,0.4704181240574952],["NaN",0.13078470824949698,0.13848920863309352,0.12588652482269502,0.1099290780141844,0.10460992907801418,0.09397163120567376,0.10460992907801418,0.09929078014184398,0.10460992907801418,0.09929078014184398],["NaN","NaN","NaN","NaN","NaN","NaN","NaN","NaN","NaN","NaN","NaN"],["NaN","NaN","NaN","NaN","NaN","NaN","NaN","NaN","NaN","NaN","NaN"],["NaN",0.4045515864816606,0.381398637249755,0.3772710633423481,0.37485939346616876,0.3806717034716284,0.3781698499335233,0.37736079652451565,0.37388988889252756,0.3755994738283721,0.3735440955977862],["NaN",2.0937473591919935,0.9078927177219184,0.8957458312004225,0.6711289170344906,0.6833466043680232,0.6769049832883173,0.6780889237416162,0.6717585387912359,0.6772641489731605,0.6759925653241226],["NaN",0.17857142857142858,0.18571428571428572,0.17857142857142858,0.18571428571428572,0.18571428571428572,0.19285714285714287,0.18571428571428572,0.19285714285714287,0.19285714285714287,0.18571428571428572],["NaN","NaN","NaN","NaN","NaN","NaN","NaN","NaN","NaN","NaN","NaN"],["NaN","NaN","NaN","NaN","NaN","NaN","NaN","NaN","NaN","NaN","NaN"]]},{"__meta":{"schema_version":3,"schema_name":"TwoDimTableV3","schema_type":"TwoDimTable"},"name":"Scoring History","description":"","columns":[{"__meta":{"schema_version":-1,"schema_name":"ColumnSpecsBase","schema_type":"Iced"},"name":"","type":"string","format":"%s","description":""},{"__meta":{"schema_version":-1,"schema_name":"ColumnSpecsBase","schema_type":"Iced"},"name":"timestamp","type":"string","format":"%s","description":"Timestamp"},{"__meta":{"schema_version":-1,"schema_name":"ColumnSpecsBase","schema_type":"Iced"},"name":"duration","type":"string","format":"%s","description":"Duration"},{"__meta":{"schema_version":-1,"schema_name":"ColumnSpecsBase","schema_type":"Iced"},"name":"number_of_trees","type":"long","format":"%d","description":"Number of Trees"},{"__meta":{"schema_version":-1,"schema_name":"ColumnSpecsBase","schema_type":"Iced"},"name":"training_rmse","type":"double","format":"%.5f","description":"Training RMSE"},{"__meta":{"schema_version":-1,"schema_name":"ColumnSpecsBase","schema_type":"Iced"},"name":"training_logloss","type":"double","format":"%.5f","description":"Training LogLoss"},{"__meta":{"schema_version":-1,"schema_name":"ColumnSpecsBase","schema_type":"Iced"},"name":"training_classification_error","type":"double","format":"%.5f","description":"Training Classification Error"},{"__meta":{"schema_version":-1,"schema_name":"ColumnSpecsBase","schema_type":"Iced"},"name":"training_auc","type":"double","format":"%.5f","description":"Training AUC"},{"__meta":{"schema_version":-1,"schema_name":"ColumnSpecsBase","schema_type":"Iced"},"name":"training_pr_auc","type":"double","format":"%.5f","description":"Training pr_auc"},{"__meta":{"schema_version":-1,"schema_name":"ColumnSpecsBase","schema_type":"Iced"},"name":"validation_rmse","type":"double","format":"%.5f","description":"Validation RMSE"},{"__meta":{"schema_version":-1,"schema_name":"ColumnSpecsBase","schema_type":"Iced"},"name":"validation_logloss","type":"double","format":"%.5f","description":"Validation LogLoss"},{"__meta":{"schema_version":-1,"schema_name":"ColumnSpecsBase","schema_type":"Iced"},"name":"validation_classification_error","type":"double","format":"%.5f","description":"Validation Classification Error"},{"__meta":{"schema_version":-1,"schema_name":"ColumnSpecsBase","schema_type":"Iced"},"name":"validation_auc","type":"double","format":"%.5f","description":"Validation AUC"},{"__meta":{"schema_version":-1,"schema_name":"ColumnSpecsBase","schema_type":"Iced"},"name":"validation_pr_auc","type":"double","format":"%.5f","description":"Validation pr_auc"}],"rowcount":11,"data":[["","","","","","","","","","",""],["2025-08-01 15:09:53","2025-08-01 15:09:54","2025-08-01 15:09:54","2025-08-01 15:09:54","2025-08-01 15:09:54","2025-08-01 15:09:54","2025-08-01 15:09:54","2025-08-01 15:09:54","2025-08-01 15:09:54","2025-08-01 15:09:55","2025-08-01 15:09:55"],[" 0.044 sec"," 0.212 sec"," 0.323 sec"," 0.432 sec"," 0.555 sec"," 0.699 sec"," 0.846 sec"," 0.988 sec"," 1.096 sec"," 1.199 sec"," 1.306 sec"],[0,5,10,15,20,25,30,35,40,45,50],["NaN",0.36758781092360165,0.3426102661751857,0.3140673923232875,0.3090912296096649,0.3067232353545722,0.2998840482434959,0.30143752163466203,0.3010553335294482,0.29986141051536774,0.29929770890264573],["NaN",2.2812341546422217,1.2768254153463598,0.7113614378559386,0.43366192012966664,0.4348534725388688,0.4244477723924501,0.4302761925029314,0.4308618078233549,0.43080480585949066,0.42829769771892],["NaN",0.14201183431952663,0.1310592459605027,0.11367673179396093,0.108348134991119,0.108348134991119,0.10301953818827708,0.108348134991119,0.10479573712255773,0.10301953818827708,0.10479573712255773],["NaN","NaN","NaN","NaN","NaN","NaN","NaN","NaN","NaN","NaN","NaN"],["NaN","NaN","NaN","NaN","NaN","NaN","NaN","NaN","NaN","NaN","NaN"],["NaN",0.35261597160208863,0.34818400187759385,0.34207006325697303,0.34274884679568723,0.34008032044710046,0.33386576689002856,0.33452733829132836,0.33372685038447253,0.33466276947958457,0.33338985371997915],["NaN",0.8495945331987117,0.845412270887962,0.6177986767069582,0.4220778012789998,0.42362944424172777,0.4187950712925573,0.4211970716581209,0.417578071593479,0.3912749048518213,0.3898062533015735],["NaN",0.16312056737588654,0.15602836879432624,0.1347517730496454,0.14893617021276595,0.14893617021276595,0.1276595744680851,0.1276595744680851,0.1347517730496454,0.1276595744680851,0.1276595744680851],["NaN","NaN","NaN","NaN","NaN","NaN","NaN","NaN","NaN","NaN","NaN"],["NaN","NaN","NaN","NaN","NaN","NaN","NaN","NaN","NaN","NaN","NaN"]]},{"__meta":{"schema_version":3,"schema_name":"TwoDimTableV3","schema_type":"TwoDimTable"},"name":"Scoring History","description":"","columns":[{"__meta":{"schema_version":-1,"schema_name":"ColumnSpecsBase","schema_type":"Iced"},"name":"","type":"string","format":"%s","description":""},{"__meta":{"schema_version":-1,"schema_name":"ColumnSpecsBase","schema_type":"Iced"},"name":"timestamp","type":"string","format":"%s","description":"Timestamp"},{"__meta":{"schema_version":-1,"schema_name":"ColumnSpecsBase","schema_type":"Iced"},"name":"duration","type":"string","format":"%s","description":"Duration"},{"__meta":{"schema_version":-1,"schema_name":"ColumnSpecsBase","schema_type":"Iced"},"name":"number_of_trees","type":"long","format":"%d","description":"Number of Trees"},{"__meta":{"schema_version":-1,"schema_name":"ColumnSpecsBase","schema_type":"Iced"},"name":"training_rmse","type":"double","format":"%.5f","description":"Training RMSE"},{"__meta":{"schema_version":-1,"schema_name":"ColumnSpecsBase","schema_type":"Iced"},"name":"training_logloss","type":"double","format":"%.5f","description":"Training LogLoss"},{"__meta":{"schema_version":-1,"schema_name":"ColumnSpecsBase","schema_type":"Iced"},"name":"training_classification_error","type":"double","format":"%.5f","description":"Training Classification Error"},{"__meta":{"schema_version":-1,"schema_name":"ColumnSpecsBase","schema_type":"Iced"},"name":"training_auc","type":"double","format":"%.5f","description":"Training AUC"},{"__meta":{"schema_version":-1,"schema_name":"ColumnSpecsBase","schema_type":"Iced"},"name":"training_pr_auc","type":"double","format":"%.5f","description":"Training pr_auc"},{"__meta":{"schema_version":-1,"schema_name":"ColumnSpecsBase","schema_type":"Iced"},"name":"validation_rmse","type":"double","format":"%.5f","description":"Validation RMSE"},{"__meta":{"schema_version":-1,"schema_name":"ColumnSpecsBase","schema_type":"Iced"},"name":"validation_logloss","type":"double","format":"%.5f","description":"Validation LogLoss"},{"__meta":{"schema_version":-1,"schema_name":"ColumnSpecsBase","schema_type":"Iced"},"name":"validation_classification_error","type":"double","format":"%.5f","description":"Validation Classification Error"},{"__meta":{"schema_version":-1,"schema_name":"ColumnSpecsBase","schema_type":"Iced"},"name":"validation_auc","type":"double","format":"%.5f","description":"Validation AUC"},{"__meta":{"schema_version":-1,"schema_name":"ColumnSpecsBase","schema_type":"Iced"},"name":"validation_pr_auc","type":"double","format":"%.5f","description":"Validation pr_auc"}],"rowcount":11,"data":[["","","","","","","","","","",""],["2025-08-01 15:09:53","2025-08-01 15:09:54","2025-08-01 15:09:54","2025-08-01 15:09:54","2025-08-01 15:09:54","2025-08-01 15:09:54","2025-08-01 15:09:54","2025-08-01 15:09:54","2025-08-01 15:09:54","2025-08-01 15:09:55","2025-08-01 15:09:55"],[" 0.046 sec"," 0.216 sec"," 0.326 sec"," 0.432 sec"," 0.548 sec"," 0.702 sec"," 0.851 sec"," 0.992 sec"," 1.101 sec"," 1.205 sec"," 1.330 sec"],[0,5,10,15,20,25,30,35,40,45,50],["NaN",0.4004043162774065,0.35750211761487954,0.3341203334537434,0.3241989816708982,0.319106411503374,0.31328183312096813,0.3128935278835897,0.31457829973629214,0.31605373479335325,0.31753036506085824],["NaN",3.510744444511239,1.865865426531876,1.1869555021875804,0.9481549383087334,0.8938525735824214,0.7797054535841381,0.6650345778606629,0.6143309116794275,0.6193344795691196,0.5173961822279349],["NaN",0.1643835616438356,0.15080789946140036,0.13120567375886524,0.13829787234042554,0.11702127659574468,0.10815602836879433,0.11879432624113476,0.12588652482269502,0.11879432624113476,0.12234042553191489],["NaN","NaN","NaN","NaN","NaN","NaN","NaN","NaN","NaN","NaN","NaN"],["NaN","NaN","NaN","NaN","NaN","NaN","NaN","NaN","NaN","NaN","NaN"],["NaN",0.3847997136548304,0.3553996934133622,0.34353880484894284,0.33967662159499384,0.33932756185198165,0.3325796973387576,0.33134533497364754,0.32750068811463434,0.3286105803851451,0.32592647877088404],["NaN",2.2688802846615594,0.6266003061980551,0.606150193358833,0.5957457487398093,0.37127325325302163,0.3554819874251142,0.3548454828112328,0.3462162466149763,0.34596109760128113,0.3409739559752566],["NaN",0.16428571428571428,0.1357142857142857,0.14285714285714285,0.1357142857142857,0.12857142857142856,0.12857142857142856,0.12857142857142856,0.14285714285714285,0.14285714285714285,0.14285714285714285],["NaN","NaN","NaN","NaN","NaN","NaN","NaN","NaN","NaN","NaN","NaN"],["NaN","NaN","NaN","NaN","NaN","NaN","NaN","NaN","NaN","NaN","NaN"]]}],"reproducibility_information_table":[{"__meta":{"schema_version":3,"schema_name":"TwoDimTableV3","schema_type":"TwoDimTable"},"name":"Node Information","description":"","columns":[{"__meta":{"schema_version":-1,"schema_name":"ColumnSpecsBase","schema_type":"Iced"},"name":"","type":"string","format":"%s","description":""},{"__meta":{"schema_version":-1,"schema_name":"ColumnSpecsBase","schema_type":"Iced"},"name":"node","type":"int","format":"%d","description":"node"},{"__meta":{"schema_version":-1,"schema_name":"ColumnSpecsBase","schema_type":"Iced"},"name":"h2o","type":"string","format":"%s","description":"h2o"},{"__meta":{"schema_version":-1,"schema_name":"ColumnSpecsBase","schema_type":"Iced"},"name":"healthy","type":"string","format":"%s","description":"healthy"},{"__meta":{"schema_version":-1,"schema_name":"ColumnSpecsBase","schema_type":"Iced"},"name":"last_ping","type":"string","format":"%s","description":"last_ping"},{"__meta":{"schema_version":-1,"schema_name":"ColumnSpecsBase","schema_type":"Iced"},"name":"num_cpus","type":"int","format":"%d","description":"num_cpus"},{"__meta":{"schema_version":-1,"schema_name":"ColumnSpecsBase","schema_type":"Iced"},"name":"sys_load","type":"double","format":"%.5f","description":"sys_load"},{"__meta":{"schema_version":-1,"schema_name":"ColumnSpecsBase","schema_type":"Iced"},"name":"mem_value_size","type":"long","format":"%d","description":"mem_value_size"},{"__meta":{"schema_version":-1,"schema_name":"ColumnSpecsBase","schema_type":"Iced"},"name":"free_mem","type":"long","format":"%d","description":"free_mem"},{"__meta":{"schema_version":-1,"schema_name":"ColumnSpecsBase","schema_type":"Iced"},"name":"pojo_mem","type":"long","format":"%d","description":"pojo_mem"},{"__meta":{"schema_version":-1,"schema_name":"ColumnSpecsBase","schema_type":"Iced"},"name":"swap_mem","type":"long","format":"%d","description":"swap_mem"},{"__meta":{"schema_version":-1,"schema_name":"ColumnSpecsBase","schema_type":"Iced"},"name":"free_disc","type":"long","format":"%d","description":"free_disc"},{"__meta":{"schema_version":-1,"schema_name":"ColumnSpecsBase","schema_type":"Iced"},"name":"max_disc","type":"long","format":"%d","description":"max_disc"},{"__meta":{"schema_version":-1,"schema_name":"ColumnSpecsBase","schema_type":"Iced"},"name":"pid","type":"int","format":"%d","description":"pid"},{"__meta":{"schema_version":-1,"schema_name":"ColumnSpecsBase","schema_type":"Iced"},"name":"num_keys","type":"int","format":"%d","description":"num_keys"},{"__meta":{"schema_version":-1,"schema_name":"ColumnSpecsBase","schema_type":"Iced"},"name":"tcps_active","type":"string","format":"%s","description":"tcps_active"},{"__meta":{"schema_version":-1,"schema_name":"ColumnSpecsBase","schema_type":"Iced"},"name":"open_fds","type":"int","format":"%d","description":"open_fds"},{"__meta":{"schema_version":-1,"schema_name":"ColumnSpecsBase","schema_type":"Iced"},"name":"rpcs_active","type":"string","format":"%s","description":"rpcs_active"},{"__meta":{"schema_version":-1,"schema_name":"ColumnSpecsBase","schema_type":"Iced"},"name":"nthreads","type":"int","format":"%d","description":"nthreads"},{"__meta":{"schema_version":-1,"schema_name":"ColumnSpecsBase","schema_type":"Iced"},"name":"is_leader","type":"string","format":"%s","description":"is_leader"},{"__meta":{"schema_version":-1,"schema_name":"ColumnSpecsBase","schema_type":"Iced"},"name":"total_mem","type":"long","format":"%d","description":"total_mem"},{"__meta":{"schema_version":-1,"schema_name":"ColumnSpecsBase","schema_type":"Iced"},"name":"max_mem","type":"long","format":"%d","description":"max_mem"},{"__meta":{"schema_version":-1,"schema_name":"ColumnSpecsBase","schema_type":"Iced"},"name":"java_version","type":"string","format":"%s","description":"java_version"},{"__meta":{"schema_version":-1,"schema_name":"ColumnSpecsBase","schema_type":"Iced"},"name":"jvm_launch_parameters","type":"string","format":"%s","description":"jvm_launch_parameters"},{"__meta":{"schema_version":-1,"schema_name":"ColumnSpecsBase","schema_type":"Iced"},"name":"os_version","type":"string","format":"%s","description":"os_version"},{"__meta":{"schema_version":-1,"schema_name":"ColumnSpecsBase","schema_type":"Iced"},"name":"machine_physical_mem","type":"long","format":"%d","description":"machine_physical_mem"},{"__meta":{"schema_version":-1,"schema_name":"ColumnSpecsBase","schema_type":"Iced"},"name":"machine_locale","type":"string","format":"%s","description":"machine_locale"}],"rowcount":1,"data":[[""],[0],["127.0.0.1:54321"],["true"],["1754041194795"],[8],[0.9980947],[72381420],[4107484765],[115101111],[0],[169196126208],[290537340928],[20272],[25105],["\u0000"],[-1],["\u0000"],[8],["true"],[1335885824],[4294967296],["Java 17.0.15 (from Microsoft)"],["[-ea, -Xmx4G, -agentpath:C:\\Program Files\\Palo Alto Networks\\Traps\\cyjagent.dll]"],["Windows 11 10.0 (amd64)"],[16844595200],["en_IN"]]},{"__meta":{"schema_version":3,"schema_name":"TwoDimTableV3","schema_type":"TwoDimTable"},"name":"Cluster Configuration","description":"","columns":[{"__meta":{"schema_version":-1,"schema_name":"ColumnSpecsBase","schema_type":"Iced"},"name":"","type":"string","format":"%s","description":""},{"__meta":{"schema_version":-1,"schema_name":"ColumnSpecsBase","schema_type":"Iced"},"name":"h2o_cluster_uptime","type":"long","format":"%d","description":"H2O cluster uptime"},{"__meta":{"schema_version":-1,"schema_name":"ColumnSpecsBase","schema_type":"Iced"},"name":"h2o_cluster_timezone","type":"string","format":"%s","description":"H2O cluster timezone"},{"__meta":{"schema_version":-1,"schema_name":"ColumnSpecsBase","schema_type":"Iced"},"name":"h2o_data_parsing_timezone","type":"string","format":"%s","description":"H2O data parsing timezone"},{"__meta":{"schema_version":-1,"schema_name":"ColumnSpecsBase","schema_type":"Iced"},"name":"h2o_cluster_version","type":"string","format":"%s","description":"H2O cluster version"},{"__meta":{"schema_version":-1,"schema_name":"ColumnSpecsBase","schema_type":"Iced"},"name":"h2o_cluster_version_age","type":"string","format":"%s","description":"H2O cluster version age"},{"__meta":{"schema_version":-1,"schema_name":"ColumnSpecsBase","schema_type":"Iced"},"name":"h2o_cluster_name","type":"string","format":"%s","description":"H2O cluster name"},{"__meta":{"schema_version":-1,"schema_name":"ColumnSpecsBase","schema_type":"Iced"},"name":"h2o_cluster_total_nodes","type":"int","format":"%d","description":"H2O cluster total nodes"},{"__meta":{"schema_version":-1,"schema_name":"ColumnSpecsBase","schema_type":"Iced"},"name":"h2o_cluster_free_memory","type":"long","format":"%d","description":"H2O cluster free memory"},{"__meta":{"schema_version":-1,"schema_name":"ColumnSpecsBase","schema_type":"Iced"},"name":"h2o_cluster_total_cores","type":"int","format":"%d","description":"H2O cluster total cores"},{"__meta":{"schema_version":-1,"schema_name":"ColumnSpecsBase","schema_type":"Iced"},"name":"h2o_cluster_allowed_cores","type":"int","format":"%d","description":"H2O cluster allowed cores"},{"__meta":{"schema_version":-1,"schema_name":"ColumnSpecsBase","schema_type":"Iced"},"name":"h2o_cluster_status","type":"string","format":"%s","description":"H2O cluster status"},{"__meta":{"schema_version":-1,"schema_name":"ColumnSpecsBase","schema_type":"Iced"},"name":"h2o_internal_security","type":"string","format":"%s","description":"H2O internal security"},{"__meta":{"schema_version":-1,"schema_name":"ColumnSpecsBase","schema_type":"Iced"},"name":"h2o_api_extensions","type":"string","format":"%s","description":"H2O API Extensions"}],"rowcount":1,"data":[[""],[4945676],["Asia/Kolkata"],["UTC"],["3.46.0.7"],["4 months and 4 days"],["H2O_from_python_KunalMahendru_rowz5j"],[1],[4107484765],[8],[8],["locked, healthly"],["false"],["Mojo 2 pipeline extensions, Amazon S3, Algos, Infogram, AutoML, Core V3, TargetEncoder, Core V4"]]},{"__meta":{"schema_version":3,"schema_name":"TwoDimTableV3","schema_type":"TwoDimTable"},"name":"Input Frames Information","description":"","columns":[{"__meta":{"schema_version":-1,"schema_name":"ColumnSpecsBase","schema_type":"Iced"},"name":"","type":"string","format":"%s","description":""},{"__meta":{"schema_version":-1,"schema_name":"ColumnSpecsBase","schema_type":"Iced"},"name":"input_frame","type":"string","format":"%s","description":"Input Frame"},{"__meta":{"schema_version":-1,"schema_name":"ColumnSpecsBase","schema_type":"Iced"},"name":"checksum","type":"long","format":"%d","description":"Checksum"},{"__meta":{"schema_version":-1,"schema_name":"ColumnSpecsBase","schema_type":"Iced"},"name":"espc","type":"string","format":"%d","description":"ESPC"}],"rowcount":3,"data":[["","",""],["training_frame","validation_frame","calibration_frame"],[4894076102079684196,-6122354853074150940,-1],["[0, 706]","[0, 185]","-1"]]}],"training_metrics":{"__meta":{"schema_version":3,"schema_name":"ModelMetricsMultinomialV3","schema_type":"ModelMetricsMultinomial"},"model":{"__meta":{"schema_version":3,"schema_name":"ModelKeyV3","schema_type":"Key<Model>"},"name":"DRF_1_AutoML_9_20250801_150953","type":"Key<Model>","URL":"/3/Models/DRF_1_AutoML_9_20250801_150953"},"model_checksum":-8199808028873404384,"frame":{"__meta":{"schema_version":3,"schema_name":"FrameKeyV3","schema_type":"Key<Frame>"},"name":"AutoML_9_20250801_150953_training_py_110_sid_950f","type":"Key<Frame>","URL":"/3/Frames/AutoML_9_20250801_150953_training_py_110_sid_950f"},"frame_checksum":7709898438046836289,"description":"Metrics reported on Out-Of-Bag training samples","model_category":"Multinomial","scoring_time":1754041197406,"predictions":null,"MSE":0.08942975047256928,"RMSE":0.2990480738486193,"nobs":704,"custom_metric_name":null,"custom_metric_value":0.0,"r2":0.8579173805815244,"hit_ratio_table":{"__meta":{"schema_version":3,"schema_name":"TwoDimTableV3","schema_type":"TwoDimTable"},"name":"Top-3 Hit Ratios","description":"","columns":[{"__meta":{"schema_version":-1,"schema_name":"ColumnSpecsBase","schema_type":"Iced"},"name":"k","type":"string","format":"%s","description":"K"},{"__meta":{"schema_version":-1,"schema_name":"ColumnSpecsBase","schema_type":"Iced"},"name":"hit_ratio","type":"float","format":"%f","description":"Hit Ratio"}],"rowcount":3,"data":[["1","2","3"],[0.8849432,0.99289775,1.0]]},"cm":{"__meta":{"schema_version":3,"schema_name":"ConfusionMatrixV3","schema_type":"ConfusionMatrix"},"table":{"__meta":{"schema_version":3,"schema_name":"TwoDimTableV3","schema_type":"TwoDimTable"},"name":"Confusion Matrix","description":"Row labels: Actual class; Column labels: Predicted class","columns":[{"__meta":{"schema_version":-1,"schema_name":"ColumnSpecsBase","schema_type":"Iced"},"name":"C","type":"long","format":"%d","description":"C"},{"__meta":{"schema_version":-1,"schema_name":"ColumnSpecsBase","schema_type":"Iced"},"name":"Q","type":"long","format":"%d","description":"Q"},{"__meta":{"schema_version":-1,"schema_name":"ColumnSpecsBase","schema_type":"Iced"},"name":"S","type":"long","format":"%d","description":"S"},{"__meta":{"schema_version":-1,"schema_name":"ColumnSpecsBase","schema_type":"Iced"},"name":"Error","type":"double","format":"%.4f","description":"Error"},{"__meta":{"schema_version":-1,"schema_name":"ColumnSpecsBase","schema_type":"Iced"},"name":"Rate","type":"string","format":"= %8s","description":"Rate"}],"rowcount":4,"data":[[94,0,9,103],[0,31,4,35],[40,28,498,566],[0.29850746268656714,0.4745762711864407,0.025440313111545987,0.11505681818181818],["40 / 134","28 / 59","13 / 511","81 / 704"]]}},"logloss":0.40217176622199474,"loglikelihood":"NaN","AIC":"NaN","mean_per_class_error":0.2661746823281846,"AUC":"NaN","pr_auc":"NaN","multinomial_auc_table":null,"multinomial_aucpr_table":null},"validation_metrics":{"__meta":{"schema_version":3,"schema_name":"ModelMetricsMultinomialV3","schema_type":"ModelMetricsMultinomial"},"model":{"__meta":{"schema_version":3,"schema_name":"ModelKeyV3","schema_type":"Key<Model>"},"name":"DRF_1_AutoML_9_20250801_150953","type":"Key<Model>","URL":"/3/Models/DRF_1_AutoML_9_20250801_150953"},"model_checksum":-8199808028873404384,"frame":{"__meta":{"schema_version":3,"schema_name":"FrameKeyV3","schema_type":"Key<Frame>"},"name":"py_111_sid_950f","type":"Key<Frame>","URL":"/3/Frames/py_111_sid_950f"},"frame_checksum":5720615674472216243,"description":"Validation metrics","model_category":"Multinomial","scoring_time":1754041197437,"predictions":null,"MSE":0.08617134731525036,"RMSE":0.2935495653467236,"nobs":185,"custom_metric_name":null,"custom_metric_value":0.0,"r2":0.8601870502576825,"hit_ratio_table":{"__meta":{"schema_version":3,"schema_name":"TwoDimTableV3","schema_type":"TwoDimTable"},"name":"Top-3 Hit Ratios","description":"","columns":[{"__meta":{"schema_version":-1,"schema_name":"ColumnSpecsBase","schema_type":"Iced"},"name":"k","type":"string","format":"%s","description":"K"},{"__meta":{"schema_version":-1,"schema_name":"ColumnSpecsBase","schema_type":"Iced"},"name":"hit_ratio","type":"float","format":"%f","description":"Hit Ratio"}],"rowcount":3,"data":[["1","2","3"],[0.8972973,0.99459463,1.0]]},"cm":{"__meta":{"schema_version":3,"schema_name":"ConfusionMatrixV3","schema_type":"ConfusionMatrix"},"table":{"__meta":{"schema_version":3,"schema_name":"TwoDimTableV3","schema_type":"TwoDimTable"},"name":"Confusion Matrix","description":"Row labels: Actual class; Column labels: Predicted class","columns":[{"__meta":{"schema_version":-1,"schema_name":"ColumnSpecsBase","schema_type":"Iced"},"name":"C","type":"long","format":"%d","description":"C"},{"__meta":{"schema_version":-1,"schema_name":"ColumnSpecsBase","schema_type":"Iced"},"name":"Q","type":"long","format":"%d","description":"Q"},{"__meta":{"schema_version":-1,"schema_name":"ColumnSpecsBase","schema_type":"Iced"},"name":"S","type":"long","format":"%d","description":"S"},{"__meta":{"schema_version":-1,"schema_name":"ColumnSpecsBase","schema_type":"Iced"},"name":"Error","type":"double","format":"%.4f","description":"Error"},{"__meta":{"schema_version":-1,"schema_name":"ColumnSpecsBase","schema_type":"Iced"},"name":"Rate","type":"string","format":"= %8s","description":"Rate"}],"rowcount":4,"data":[[22,0,0,22],[0,11,0,11],[12,7,133,152],[0.35294117647058826,0.3888888888888889,0.0,0.10270270270270271],["12 / 34","7 / 18","0 / 133","19 / 185"]]}},"logloss":0.2901741621966785,"loglikelihood":"NaN","AIC":"NaN","mean_per_class_error":0.24727668845315906,"AUC":"NaN","pr_auc":"NaN","multinomial_auc_table":null,"multinomial_aucpr_table":null},"cross_validation_metrics":{"__meta":{"schema_version":3,"schema_name":"ModelMetricsMultinomialV3","schema_type":"ModelMetricsMultinomial"},"model":{"__meta":{"schema_version":3,"schema_name":"ModelKeyV3","schema_type":"Key<Model>"},"name":"DRF_1_AutoML_9_20250801_150953","type":"Key<Model>","URL":"/3/Models/DRF_1_AutoML_9_20250801_150953"},"model_checksum":-8199808028873404384,"frame":{"__meta":{"schema_version":3,"schema_name":"FrameKeyV3","schema_type":"Key<Frame>"},"name":"AutoML_9_20250801_150953_training_py_110_sid_950f","type":"Key<Frame>","URL":"/3/Frames/AutoML_9_20250801_150953_training_py_110_sid_950f"},"frame_checksum":7709898438046836289,"description":"5-fold cross-validation on training data (Metrics computed for combined holdout predictions)","model_category":"Multinomial","scoring_time":1754041197461,"predictions":null,"MSE":0.1139115701018771,"RMSE":0.33750788154038286,"nobs":704,"custom_metric_name":null,"custom_metric_value":0.0,"r2":0.8190215875967319,"hit_ratio_table":{"__meta":{"schema_version":3,"schema_name":"TwoDimTableV3","schema_type":"TwoDimTable"},"name":"Top-3 Hit Ratios","description":"","columns":[{"__meta":{"schema_version":-1,"schema_name":"ColumnSpecsBase","schema_type":"Iced"},"name":"k","type":"string","format":"%s","description":"K"},{"__meta":{"schema_version":-1,"schema_name":"ColumnSpecsBase","schema_type":"Iced"},"name":"hit_ratio","type":"float","format":"%f","description":"Hit Ratio"}],"rowcount":3,"data":[["1","2","3"],[0.84232956,0.9914773,1.0]]},"cm":{"__meta":{"schema_version":3,"schema_name":"ConfusionMatrixV3","schema_type":"ConfusionMatrix"},"table":{"__meta":{"schema_version":3,"schema_name":"TwoDimTableV3","schema_type":"TwoDimTable"},"name":"Confusion Matrix","description":"Row labels: Actual class; Column labels: Predicted class","columns":[{"__meta":{"schema_version":-1,"schema_name":"ColumnSpecsBase","schema_type":"Iced"},"name":"C","type":"long","format":"%d","description":"C"},{"__meta":{"schema_version":-1,"schema_name":"ColumnSpecsBase","schema_type":"Iced"},"name":"Q","type":"long","format":"%d","description":"Q"},{"__meta":{"schema_version":-1,"schema_name":"ColumnSpecsBase","schema_type":"Iced"},"name":"S","type":"long","format":"%d","description":"S"},{"__meta":{"schema_version":-1,"schema_name":"ColumnSpecsBase","schema_type":"Iced"},"name":"Error","type":"double","format":"%.4f","description":"Error"},{"__meta":{"schema_version":-1,"schema_name":"ColumnSpecsBase","schema_type":"Iced"},"name":"Rate","type":"string","format":"= %9s","description":"Rate"}],"rowcount":4,"data":[[61,0,11,72],[0,33,1,34],[73,26,499,598],[0.5447761194029851,0.4406779661016949,0.023483365949119372,0.15767045454545456],["73 / 134","26 / 59","12 / 511","111 / 704"]]}},"logloss":0.4220015486561706,"loglikelihood":"NaN","AIC":"NaN","mean_per_class_error":0.33631248381793316,"AUC":"NaN","pr_auc":"NaN","multinomial_auc_table":null,"multinomial_aucpr_table":null},"cross_validation_metrics_summary":{"__meta":{"schema_version":3,"schema_name":"TwoDimTableV3","schema_type":"TwoDimTable"},"name":"Cross-Validation Metrics Summary","description":"","columns":[{"__meta":{"schema_version":-1,"schema_name":"ColumnSpecsBase","schema_type":"Iced"},"name":"","type":"string","format":"%s","description":""},{"__meta":{"schema_version":-1,"schema_name":"ColumnSpecsBase","schema_type":"Iced"},"name":"mean","type":"float","format":"%f","description":"mean"},{"__meta":{"schema_version":-1,"schema_name":"ColumnSpecsBase","schema_type":"Iced"},"name":"sd","type":"float","format":"%f","description":"sd"},{"__meta":{"schema_version":-1,"schema_name":"ColumnSpecsBase","schema_type":"Iced"},"name":"cv_1_valid","type":"float","format":"%f","description":"cv_1_valid"},{"__meta":{"schema_version":-1,"schema_name":"ColumnSpecsBase","schema_type":"Iced"},"name":"cv_2_valid","type":"float","format":"%f","description":"cv_2_valid"},{"__meta":{"schema_version":-1,"schema_name":"ColumnSpecsBase","schema_type":"Iced"},"name":"cv_3_valid","type":"float","format":"%f","description":"cv_3_valid"},{"__meta":{"schema_version":-1,"schema_name":"ColumnSpecsBase","schema_type":"Iced"},"name":"cv_4_valid","type":"float","format":"%f","description":"cv_4_valid"},{"__meta":{"schema_version":-1,"schema_name":"ColumnSpecsBase","schema_type":"Iced"},"name":"cv_5_valid","type":"float","format":"%f","description":"cv_5_valid"}],"rowcount":14,"data":[["accuracy","aic","auc","err","err_count","loglikelihood","logloss","max_per_class_error","mean_per_class_accuracy","mean_per_class_error","mse","pr_auc","r2","rmse"],[0.84235686,"NaN","NaN",0.15764317,22.2,"NaN",0.422323,0.55876595,0.6655398,0.33446023,0.1139337,"NaN",0.8193561,0.3368939],[0.028334359,0.0,0.0,0.028334359,4.0249224,0.0,0.14344315,0.09332568,0.04730488,0.04730488,0.016060371,0.0,0.01473256,0.023350677],[0.80985916,"NaN","NaN",0.19014084,27.0,"NaN",0.3683575,0.53333336,0.63271606,0.36728394,0.11625249,"NaN",0.8154966,0.34095818],[0.858156,"NaN","NaN",0.14184397,20.0,"NaN",0.3364846,0.56,0.7203846,0.27961537,0.09650394,"NaN",0.8394213,0.31065083],[0.8142857,"NaN","NaN",0.18571429,26.0,"NaN",0.67599255,0.67741936,0.6374932,0.36250678,0.13953519,"NaN",0.79854965,0.3735441],[0.87234044,"NaN","NaN",0.12765957,18.0,"NaN",0.38980624,0.42307693,0.713613,0.28638703,0.1111488,"NaN",0.8197594,0.33338985],[0.85714287,"NaN","NaN",0.14285715,20.0,"NaN",0.34097394,0.6,0.62349206,0.37650794,0.10622807,"NaN",0.8235534,0.32592648]]},"status":null,"start_time":1754041195793,"end_time":1754041197450,"run_time":1657,"default_threshold":0.5,"help":{"domains":"Domains for categorical columns", "__meta":"Metadata on this schema instance, to make it self-describing.", "help":"Help information for output fields", "training_metrics":"Training data model metrics", "cross_validation_models":"Cross-validation models (model ids)", "cross_validation_predictions":"Cross-validation predictions, one per cv model (deprecated, use cross_validation_holdout_predictions_frame_id instead)", "cross_validation_metrics_summary":"Cross-validation model metrics summary", "status":"Job status", "reproducibility_information_table":"Model reproducibility information", "variable_importances":"Variable Importances", "model_summary":"Model summary", "end_time":"End time in milliseconds", "names":"Column names", "cross_validation_fold_assignment_frame_id":"Cross-validation fold assignment (each row is assigned to one holdout fold)", "run_time":"Runtime in milliseconds", "default_threshold":"Default threshold used for predictions", "scoring_history":"Scoring history", "cross_validation_holdout_predictions_frame_id":"Cross-validation holdout predictions (full out-of-sample predictions on training data)", "init_f":"The Intercept term, the initial model function value to which trees make adjustments", "model_category":"Category of the model (e.g., Binomial)", "column_types":"Column types", "original_names":"Original column names", "start_time":"Start time in milliseconds", "cv_scoring_history":"Cross-Validation scoring history", "cross_validation_metrics":"Cross-validation model metrics", "validation_metrics":"Validation data model metrics"},"variable_importances":{"__meta":{"schema_version":3,"schema_name":"TwoDimTableV3","schema_type":"TwoDimTable"},"name":"Variable Importances","description":"","columns":[{"__meta":{"schema_version":-1,"schema_name":"ColumnSpecsBase","schema_type":"Iced"},"name":"variable","type":"string","format":"%s","description":"Variable"},{"__meta":{"schema_version":-1,"schema_name":"ColumnSpecsBase","schema_type":"Iced"},"name":"relative_importance","type":"double","format":"%5f","description":"Relative Importance"},{"__meta":{"schema_version":-1,"schema_name":"ColumnSpecsBase","schema_type":"Iced"},"name":"scaled_importance","type":"double","format":"%5f","description":"Scaled Importance"},{"__meta":{"schema_version":-1,"schema_name":"ColumnSpecsBase","schema_type":"Iced"},"name":"percentage","type":"double","format":"%5f","description":"Percentage"}],"rowcount":10,"data":[["Ticket","Cabin","Fare","Age","PassengerId","Pclass","SibSp","Sex","Survived","Parch"],[2806.423583984375,2440.634521484375,1538.413818359375,1033.881103515625,776.98779296875,366.29034423828125,183.64183044433594,170.4063720703125,147.31204223632812,130.95303344726562],[1.0,0.8696600667883938,0.5481759158306518,0.368398095503384,0.27686048442681416,0.13051855262641657,0.06543624828851152,0.06072011831812672,0.05249102205276661,0.046661891738148505],[0.29248982114797045,0.25436671739446937,0.16033587557893225,0.10775269306503774,0.08097887357293933,0.038175348114192556,0.019139436558500925,0.01776001654695249,0.015353089652087879,0.013648128368917017]]},"init_f":0.0},"compatible_frames":null}
